{
 "Nashville": 0, 
 "Cartagena": 0, 
 "Paris": 0, 
 "Sanibel Island": 0, 
 "Corumbau": 0, 
 "Andalucia": 1, 
 "Santiago, DR": 0, 
 "Capri": 0, 
 "Aruba": 5, 
 "Papeete": 0, 
 "Tierra Del Fuego": 0, 
 "Istanbul": 0, 
 "San Carlos De Bariloche": 0, 
 "San Francisco": 0, 
 "Sao Paulo": 0, 
 "Guanacaste": 0, 
 "Evian-Les-Bains": 1, 
 "Grenada": 0, 
 "Kota Kinabalu": 0, 
 "Abu Dhabi": 1, 
 "Xi'an": 1, 
 "Bar Harbor": 0, 
 "Scottsdale": 1, 
 "Corcovado National Park": 0, 
 "St. Barthelemy": 0, 
 "Taipei": 0, 
 "Ha Long Bay": 0, 
 "Hamburg": 0, 
 "St. Loius": 0, 
 "Atlanta": 0, 
 "Brussels": 0, 
 "Tampa": 0, 
 "St. Thomas": 0, 
 "Dubai": 0, 
 "Maldives": 0, 
 "Providenciales": 0, 
 "Honolulu": 0, 
 "Grand Canyon": 0, 
 "Miami": 0, 
 "Williamsburg": 0, 
 "Bonaire": 0, 
 "Dublin": 0, 
 "Bora Bora": 0, 
 "Olympic National Park": 0, 
 "Tusheti": 0, 
 "Playa Del Carman": 0, 
 "Seychelles": 0, 
 "Ponce": 0, 
 "Christchurch": 0, 
 "Costa Navarino": 0, 
 "Marseille": 0, 
 "Niagara Falls": 0, 
 "Punta Cana": 0, 
 "Bahia": 0, 
 "Mazatlan": 0, 
 "Siem Reap": 0, 
 "Cincinnati": 0, 
 "Macau": 0, 
 "Savannah": 0, 
 "Cairo": 0, 
 "Osaka": 1, 
 "Fort Worth": 0, 
 "Minneapolis": 0, 
 "Heviz": 0, 
 "Milan": 0, 
 "Puerto Plata": 0, 
 "London": 0, 
 "Seattle": 0, 
 "Branson": 0, 
 "Santa Barbara": 0, 
 "Edipsos": 0, 
 "San Juan": 0, 
 "Manzanillo": 0, 
 "Corfu": 0, 
 "Calistoga": 0, 
 "Auckland": 0, 
 "Namje": 1, 
 "Knoxville": 0, 
 "Moab": 0, 
 "Denver": 0, 
 "Bermuda": 0, 
 "Sydney": 0, 
 "Amman": 0, 
 "Kolkata": 0, 
 "Glacier National Park": 0, 
 "Key West": 0, 
 "Sedona": 0, 
 "Vienna": 0, 
 "Edinburgh": 0, 
 "Ocean City": 0, 
 "Quebec City": 0, 
 "Nadi, Fiji": 0, 
 "New York City": 0, 
 "San Diego": 0, 
 "Albuquerque": 2, 
 "Hilton Head Island": 0, 
 "Berlin": 0, 
 "Flinders Ranges National Park": 0, 
 "Machu Picchu": 0, 
 "Los Angeles": 0, 
 "Salt Lake City": 0, 
 "Casa de Campo": 0, 
 "Scottish Highlands": 0, 
 "San Antonio": 0, 
 "Margarita Island": 2, 
 "Tuscany": 0, 
 "Medellin": 0, 
 "Queenstown": 1, 
 "Salzburg": 0, 
 "Brasilia": 0, 
 "San Jose": 0, 
 "Cape Town": 0, 
 "Kansas City": 0, 
 "St. Johns": 0, 
 "Victoria Falls": 1, 
 "St. Martin": 0, 
 "Mykonos": 0, 
 "Maui": 0, 
 "Out Islands": 0, 
 "Buffalo": 0, 
 "Aguadilla": 10, 
 "New Delhi": 0, 
 "Lord Howe Island": 0, 
 "Madrid": 1, 
 "Santa Fe": 0, 
 "Boston": 0, 
 "Atlantic City": 0, 
 "Rio De Janeiro": 0, 
 "Copper Canyon": 0, 
 "Las Vegas": 0, 
 "Mozambique": 0, 
 "Barbados": 0, 
 "Acapulco": 1, 
 "Canary Islands": 1, 
 "Cancun": 0, 
 "Mexico City": 1, 
 "Palm Springs": 0, 
 "Ubud": 0, 
 "Dallas": 1, 
 "Balearic Islands": 1, 
 "Keahiakawelo": 0, 
 "St. Petersburg": 0, 
 "Richmond": 0, 
 "Kruger National Park": 0, 
 "Los Cabos": 0, 
 "Fes": 0, 
 "Northern Norway": 0, 
 "Kauai": 0, 
 "Puerto Vallarta": 0, 
 "Fort Lauderdale": 0, 
 "Cleveland": 0, 
 "Bali": 2, 
 "Frankfurt": 0, 
 "Saint Sauvant": 1, 
 "Marrakech": 0, 
 "Panama Canal": 0, 
 "Asheville": 0, 
 "Newport Beach": 0, 
 "Carmel": 0, 
 "Shreveport": 0, 
 "Queretaro": 0, 
 "Queensland": 0, 
 "Hong Kong": 0, 
 "St. Kitts": 0, 
 "Toronto": 0, 
 "Guimaraes": 0, 
 "Tokyo": 1, 
 "Goa": 0, 
 "Montego Bay": 0, 
 "Orlando": 1, 
 "Rotorua": 0, 
 "Athens": 0, 
 "Rarotonga": 0, 
 "Anaheim": 0, 
 "Serengeti National Park": 0, 
 "Croatia": 0, 
 "Sucre": 0, 
 "Mount Rushmore": 0, 
 "Galapagos Islands": 0, 
 "Tel Aviv": 0, 
 "Austin": 0, 
 "St. Lucia": 0, 
 "Montreal": 0, 
 "Acadia National Park": 0, 
 "Beijing": 1, 
 "Reykjavik": 0, 
 "Tucson": 1, 
 "Estonia": 0, 
 "Cotswolds": 0, 
 "Bath": 0, 
 "Palm Beach County": 0, 
 "New Orleans": 0, 
 "Nassau Paradise Island": 0, 
 "Yosemite National Park": 0, 
 "Cozumel": 0, 
 "Lima": 0, 
 "Florence": 0, 
 "Shannon": 0, 
 "Yellowstone National Park": 0, 
 "Lancaster": 0, 
 "Xishuangbanna": 0, 
 "Venice": 0, 
 "Baden-Baden": 0, 
 "Curacao": 0, 
 "Bhutan": 0, 
 "Mumbai": 0, 
 "Biloxi": 0, 
 "Ambergris Caye": 10, 
 "Shanghai": 1, 
 "Virginia Beach": 0, 
 "Philadelphia": 0, 
 "Kerala": 0, 
 "Amsterdam": 0, 
 "Vancouver": 0, 
 "Santiago, Chile": 0, 
 "Anguilla": 0, 
 "Naples": 0, 
 "Zurich": 0, 
 "Phuket": 0, 
 "Fort Myers": 0, 
 "Geneva": 0, 
 "Kyoto": 1, 
 "Moorea": 0, 
 "Buenos Aires": 0, 
 "Negril": 0, 
 "Bangkok": 0, 
 "Grand Cayman": 0, 
 "Nevis": 0, 
 "Rhodes": 0, 
 "Martinique": 0, 
 "Myrtle Beach": 1, 
 "Cannes": 0, 
 "Verduno": 0, 
 "Jacksonville": 0, 
 "Sharm El Sheikh": 0, 
 "Budapest": 0, 
 "Chendu": 1, 
 "Antigua": 6, 
 "Maasai Mara National Reserve": 0, 
 "Barcelona": 0, 
 "Wellington": 0, 
 "Melbourne": 0, 
 "Ixtapa": 0, 
 "Bavarian Alps": 0, 
 "Phoenix": 0, 
 "Charleston": 0, 
 "Copenhagen": 0, 
 "Baltimore": 0, 
 "Doe Bay": 0, 
 "Washington D.C.": 0, 
 "Houston": 1, 
 "East Hampton": 0, 
 "Ko Phi Phi Don": 0, 
 "Karlovy Vary": 0, 
 "Sun City": 0, 
 "Bogota": 0, 
 "Prague": 0, 
 "Singapore": 0, 
 "Steamboat Springs": 0, 
 "Reno": 0, 
 "Pittsburgh": 0, 
 "Rome": 0, 
 "Chicago": 0, 
 "Lisbon": 0, 
 "Sri Lanka": 0, 
 "Milford Sound": 0, 
 "Portland": 0, 
 "Jerusalem": 0, 
 "Belize City": 0
}